chain, residue_label, residue_name, score, zscore, probability, pocket
C,   12, LEU,  0.1331,  -0.3053,   0.0036, 0
C,   13, GLN,  0.2514,  -0.2393,   0.0102, 0
C,   14, PHE,  1.0283,   0.1937,   0.1485, 0
C,   15, VAL,  1.0626,   0.2128,   0.1579, 2
C,   16, PHE,  1.1515,   0.2624,   0.1826, 0
C,   17, ALA,  1.2127,   0.2965,   0.1999, 0
C,   18, CYS,  1.9680,   0.7175,   0.4056, 2
C,   19, THR,  1.3189,   0.3557,   0.2304, 0
C,   20, SER,  1.2722,   0.3297,   0.2169, 0
C,   21, TYR,  7.2680,   3.6717,   0.9251, 2
C,   22, ALA,  1.9191,   0.6902,   0.3936, 2
C,   23, VAL,  1.8135,   0.6314,   0.3671, 7
C,   24, GLY,  1.7134,   0.5756,   0.3411, 7
C,   25, LEU,  1.8571,   0.6557,   0.3783, 7
C,   26, GLY,  1.4792,   0.4451,   0.2767, 7
C,   27, ASN,  1.2692,   0.3280,   0.2161, 27
C,   28, VAL,  1.2400,   0.3117,   0.2076, 27
C,   29, TRP,  0.8047,   0.0691,   0.0922, 28
C,   30, ARG,  1.2345,   0.3086,   0.2061, 0
C,   31, PHE,  0.2788,  -0.2240,   0.0122, 0
C,   32, PRO,  0.2887,  -0.2185,   0.0131, 0
C,   33, TYR,  1.1198,   0.2447,   0.1738, 0
C,   34, LEU,  0.3623,  -0.1775,   0.0196, 10
C,   35, CYS,  0.0000,  -0.3795,   0.0002, 0
C,   36, GLN,  0.3191,  -0.2016,   0.0156, 0
C,   37, MET,  1.2930,   0.3412,   0.2229, 10
C,   38, TYR,  0.9701,   0.1613,   0.1331, 10
C,   39, GLY,  0.6923,   0.0064,   0.0681, 0
C,   40, GLY,  0.1338,  -0.3049,   0.0036, 0
C,   41, GLY,  0.0464,  -0.3536,   0.0009, 0
C,   42, SER,  0.0913,  -0.3285,   0.0021, 0
C,   43, PHE,  0.0567,  -0.3478,   0.0012, 0
C,   44, LEU,  0.4644,  -0.1206,   0.0312, 0
C,   45, VAL,  0.4221,  -0.1442,   0.0261, 0
C,   46, PRO,  0.0957,  -0.3261,   0.0022, 0
C,   47, TYR,  0.4653,  -0.1201,   0.0313, 39
C,   48, ILE,  0.5437,  -0.0764,   0.0423, 0
C,   49, ILE,  0.6831,   0.0013,   0.0663, 17
C,   50, MET,  1.1754,   0.2757,   0.1893, 17
C,   51, LEU,  0.2884,  -0.2187,   0.0130, 0
C,   52, ILE,  0.5362,  -0.0806,   0.0412, 29
C,   53, VAL,  0.4220,  -0.1443,   0.0261, 0
C,   54, GLU,  0.3899,  -0.1621,   0.0225, 17
C,   55, GLY,  0.0590,  -0.3466,   0.0012, 0
C,   56, MET,  0.3917,  -0.1611,   0.0227, 29
C,   57, PRO,  0.3350,  -0.1928,   0.0171, 29
C,   58, LEU,  0.1812,  -0.2784,   0.0058, 3
C,   59, LEU,  2.0245,   0.7490,   0.4192, 0
C,   60, TYR,  3.0004,   1.2930,   0.6113, 4
C,   61, LEU,  2.6418,   1.0931,   0.5491, 4
C,   62, GLU,  3.0177,   1.3026,   0.6140, 3
C,   63, LEU,  5.0210,   2.4192,   0.8263, 2
C,   64, ALA,  2.1999,   0.8468,   0.4592, 4
C,   65, VAL,  4.2744,   2.0031,   0.7680, 3
C,   66, GLY,  0.4094,  -0.1513,   0.0246, 0
C,   67, GLN,  0.4976,  -0.1021,   0.0356, 4
C,   68, ARG,  0.4392,  -0.1346,   0.0282, 4
C,   69, MET,  2.4335,   0.9770,   0.5086, 0
C,   70, ARG,  0.0936,  -0.3273,   0.0021, 0
C,   71, GLN,  0.9518,   0.1511,   0.1283, 13
C,   72, GLY,  1.7103,   0.5738,   0.3403, 13
C,   73, SER,  3.7783,   1.7266,   0.7174, 3
C,   74, ILE,  1.8304,   0.6408,   0.3715, 13
C,   75, GLY,  0.5547,  -0.0703,   0.0440, 0
C,   76, ALA,  3.4583,   1.5482,   0.6772, 3
C,   77, TRP,  5.7051,   2.8006,   0.8660, 3
C,   78, ARG,  0.3373,  -0.1915,   0.0173, 0
C,   79, THR,  1.7736,   0.6091,   0.3569, 0
C,   80, ILE,  3.3472,   1.4863,   0.6625, 6
C,   81, SER,  0.7805,   0.0556,   0.0868, 0
C,   82, PRO,  0.1449,  -0.2987,   0.0041, 0
C,   83, TYR,  1.1320,   0.2515,   0.1771, 0
C,   84, LEU,  2.0646,   0.7714,   0.4285, 0
C,   85, SER,  0.5544,  -0.0704,   0.0440, 0
C,   86, GLY,  1.4359,   0.4209,   0.2642, 0
C,   87, VAL,  2.5098,   1.0195,   0.5240, 3
C,   88, GLY,  1.1840,   0.2805,   0.1917, 0
C,   89, VAL,  1.4711,   0.4405,   0.2744, 0
C,   90, ALA,  1.2507,   0.3177,   0.2107, 0
C,   91, SER,  2.1740,   0.8323,   0.4533, 3
C,   92, VAL,  1.2284,   0.3053,   0.2044, 13
C,   93, VAL,  1.4987,   0.4559,   0.2823, 0
C,   94, VAL,  1.1050,   0.2365,   0.1696, 15
C,   95, SER,  0.5485,  -0.0737,   0.0431, 0
C,   96, PHE,  2.2452,   0.8720,   0.4692, 14
C,   97, PHE,  1.9673,   0.7171,   0.4054, 15
C,   98, LEU,  2.0304,   0.7523,   0.4206, 0
C,   99, SER,  1.5583,   0.4892,   0.2989, 14
C,  100, MET,  0.7812,   0.0560,   0.0870, 26
C,  101, TYR,  1.2150,   0.2978,   0.2006, 28
C,  102, TYR,  2.0027,   0.7369,   0.4141, 7
C,  103, ASN,  0.1540,  -0.2936,   0.0045, 0
C,  104, VAL,  0.6246,  -0.0313,   0.0555, 0
C,  105, ILE,  0.5292,  -0.0845,   0.0402, 28
C,  106, ASN,  0.0000,  -0.3795,   0.0002, 0
C,  107, ALA,  0.5178,  -0.0909,   0.0385, 0
C,  108, TRP,  0.9634,   0.1576,   0.1314, 0
C,  109, ALA,  0.3381,  -0.1910,   0.0174, 0
C,  110, PHE,  1.4789,   0.4449,   0.2766, 11
C,  111, TRP,  0.7586,   0.0434,   0.0820, 19
C,  112, TYR,  0.4525,  -0.1272,   0.0297, 0
C,  113, LEU,  0.9493,   0.1497,   0.1276, 11
C,  114, PHE,  1.4394,   0.4229,   0.2653, 11
C,  115, HIS,  0.8142,   0.0744,   0.0945, 19
C,  116, SER,  0.0249,  -0.3656,   0.0006, 0
C,  117, PHE,  0.9679,   0.1600,   0.1325, 11
C,  118, GLN,  0.6957,   0.0083,   0.0688, 19
C,  119, ASP,  0.1008,  -0.3233,   0.0024, 0
C,  120, PRO,  0.1825,  -0.2777,   0.0059, 19
C,  121, LEU,  0.3650,  -0.1760,   0.0199, 0
C,  122, PRO,  0.9252,   0.1363,   0.1216, 19
C,  123, TRP,  0.7437,   0.0351,   0.0788, 19
C,  124, SER,  0.7620,   0.0453,   0.0827, 23
C,  125, VAL,  1.1269,   0.2486,   0.1757, 19
C,  126, CYS,  1.0497,   0.2057,   0.1543, 23
C,  127, PRO,  0.5558,  -0.0696,   0.0442, 19
C,  128, LEU,  0.3535,  -0.1824,   0.0188, 0
C,  129, ASN,  0.0396,  -0.3574,   0.0008, 0
C,  130, GLY,  0.0220,  -0.3672,   0.0005, 0
C,  131, ASN,  0.0364,  -0.3592,   0.0008, 0
C,  132, HIS,  0.0775,  -0.3362,   0.0017, 0
C,  133, THR,  0.1574,  -0.2917,   0.0047, 0
C,  134, GLY,  0.1455,  -0.2984,   0.0041, 0
C,  135, TYR,  0.7816,   0.0562,   0.0871, 23
C,  136, ASP,  0.1616,  -0.2894,   0.0049, 0
C,  137, GLU,  0.0717,  -0.3395,   0.0015, 0
C,  138, GLU,  0.0840,  -0.3327,   0.0018, 0
C,  139, CYS,  0.9267,   0.1371,   0.1220, 23
C,  140, GLU,  1.1140,   0.2415,   0.1722, 23
C,  141, LYS,  1.0119,   0.1846,   0.1441, 0
C,  142, ALA,  1.1991,   0.2889,   0.1960, 0
C,  143, SER,  1.6088,   0.5173,   0.3127, 23
C,  144, SER,  1.2007,   0.2898,   0.1965, 23
C,  145, THR,  0.3646,  -0.1762,   0.0199, 0
C,  146, GLN,  1.1014,   0.2345,   0.1686, 0
C,  147, TYR,  0.4006,  -0.1561,   0.0236, 0
C,  148, PHE,  1.0013,   0.1787,   0.1413, 19
C,  149, TRP,  0.7004,   0.0109,   0.0697, 22
C,  150, TYR,  0.6090,  -0.0400,   0.0528, 22
C,  151, ARG,  0.2299,  -0.2513,   0.0087, 0
C,  152, LYS,  0.9878,   0.1712,   0.1377, 19
C,  153, THR,  0.6534,  -0.0152,   0.0606, 0
C,  154, LEU,  1.0128,   0.1850,   0.1444, 0
C,  155, ASN,  0.1863,  -0.2756,   0.0061, 0
C,  156, ILE,  0.1708,  -0.2843,   0.0053, 0
C,  157, SER,  0.1004,  -0.3235,   0.0024, 0
C,  158, PRO,  0.1086,  -0.3189,   0.0026, 0
C,  159, SER,  0.0275,  -0.3641,   0.0006, 0
C,  160, LEU,  0.2255,  -0.2538,   0.0084, 0
C,  161, GLN,  0.0836,  -0.3329,   0.0018, 0
C,  162, GLU,  0.0485,  -0.3525,   0.0010, 0
C,  163, ASN,  0.3449,  -0.1872,   0.0180, 0
C,  164, GLY,  0.0323,  -0.3615,   0.0007, 0
C,  165, GLY,  0.0237,  -0.3663,   0.0005, 0
C,  166, VAL,  0.1210,  -0.3120,   0.0031, 0
C,  167, GLN,  0.3488,  -0.1851,   0.0184, 0
C,  168, TRP,  0.6468,  -0.0189,   0.0594, 0
C,  169, GLU,  0.3832,  -0.1659,   0.0218, 19
C,  170, PRO,  0.6710,  -0.0054,   0.0640, 0
C,  171, ALA,  0.6021,  -0.0439,   0.0516, 0
C,  172, LEU,  1.1735,   0.2747,   0.1888, 0
C,  173, CYS,  0.3257,  -0.1979,   0.0162, 0
C,  174, LEU,  0.7182,   0.0209,   0.0734, 0
C,  175, LEU,  1.7273,   0.5834,   0.3448, 0
C,  176, LEU,  1.5891,   0.5063,   0.3073, 0
C,  177, ALA,  0.1321,  -0.3058,   0.0035, 0
C,  178, TRP,  2.3452,   0.9278,   0.4902, 14
C,  179, LEU,  2.0201,   0.7466,   0.4182, 0
C,  180, VAL,  1.0658,   0.2146,   0.1588, 11
C,  181, VAL,  0.8777,   0.1098,   0.1097, 0
C,  182, TYR,  0.8080,   0.0709,   0.0930, 0
C,  183, LEU,  0.5040,  -0.0985,   0.0365, 0
C,  184, CYS,  0.9357,   0.1421,   0.1242, 0
C,  185, ILE,  1.6166,   0.5216,   0.3148, 0
C,  186, LEU,  0.4625,  -0.1217,   0.0309, 0
C,  187, ARG,  0.5529,  -0.0713,   0.0437, 0
C,  188, GLY,  0.1567,  -0.2921,   0.0046, 0
C,  189, THR,  0.1638,  -0.2882,   0.0050, 0
C,  190, GLU,  1.1721,   0.2738,   0.1884, 0
C,  191, SER,  0.1225,  -0.3112,   0.0032, 0
C,  192, THR,  0.8623,   0.1012,   0.1059, 0
C,  193, GLY,  0.6368,  -0.0245,   0.0577, 0
C,  194, LYS,  0.2560,  -0.2368,   0.0105, 0
C,  195, VAL,  0.4553,  -0.1257,   0.0300, 0
C,  196, VAL,  1.3280,   0.3608,   0.2329, 0
C,  197, TYR,  0.5800,  -0.0562,   0.0481, 0
C,  198, PHE,  1.0987,   0.2330,   0.1678, 0
C,  199, THR,  1.8253,   0.6380,   0.3702, 0
C,  200, ALA,  1.1531,   0.2633,   0.1830, 0
C,  201, SER,  0.4107,  -0.1506,   0.0247, 0
C,  202, LEU,  1.3548,   0.3757,   0.2406, 0
C,  203, PRO,  0.9843,   0.1692,   0.1368, 27
C,  204, TYR,  2.1371,   0.8118,   0.4447, 0
C,  205, CYS,  0.7576,   0.0428,   0.0817, 0
C,  206, VAL,  0.7620,   0.0453,   0.0827, 0
C,  207, LEU,  1.3997,   0.4008,   0.2537, 27
C,  208, ILE,  0.9430,   0.1462,   0.1260, 0
C,  209, ILE,  0.7659,   0.0474,   0.0836, 0
C,  210, TYR,  0.2453,  -0.2427,   0.0098, 0
C,  211, LEU,  0.7655,   0.0472,   0.0835, 0
C,  212, ILE,  0.3214,  -0.2003,   0.0158, 0
C,  213, ARG,  0.2109,  -0.2619,   0.0075, 0
C,  214, GLY,  0.1209,  -0.3121,   0.0031, 0
C,  215, LEU,  0.3557,  -0.1812,   0.0190, 0
C,  216, THR,  0.0573,  -0.3475,   0.0012, 0
C,  217, LEU,  0.1809,  -0.2786,   0.0058, 0
C,  218, HIS,  0.3254,  -0.1981,   0.0162, 0
C,  219, GLY,  0.1805,  -0.2789,   0.0058, 0
C,  220, ALA,  0.0757,  -0.3373,   0.0016, 0
C,  221, THR,  0.2781,  -0.2245,   0.0122, 0
C,  222, ASN,  0.3673,  -0.1747,   0.0201, 0
C,  223, GLY,  0.0551,  -0.3488,   0.0011, 0
C,  224, LEU,  0.4801,  -0.1119,   0.0332, 0
C,  225, MET,  0.5771,  -0.0578,   0.0476, 0
C,  226, TYR,  0.8703,   0.1056,   0.1078, 0
C,  227, MET,  0.2632,  -0.2328,   0.0110, 0
C,  228, PHE,  0.8499,   0.0943,   0.1028, 0
C,  229, THR,  0.5063,  -0.0973,   0.0368, 0
C,  230, PRO,  0.0934,  -0.3274,   0.0021, 0
C,  231, LYS,  0.5556,  -0.0698,   0.0441, 0
C,  232, ILE,  0.0309,  -0.3623,   0.0007, 0
C,  233, GLU,  0.0439,  -0.3550,   0.0009, 0
C,  234, GLN,  0.7083,   0.0153,   0.0714, 0
C,  235, LEU,  0.2020,  -0.2668,   0.0070, 0
C,  236, ALA,  0.2567,  -0.2364,   0.0106, 0
C,  237, ASN,  0.3366,  -0.1918,   0.0172, 0
C,  238, PRO,  0.3008,  -0.2118,   0.0140, 17
C,  239, LYS,  0.7692,   0.0493,   0.0843, 8
C,  240, ALA,  0.0909,  -0.3288,   0.0021, 0
C,  241, TRP,  1.3708,   0.3846,   0.2452, 17
C,  242, ILE,  1.4602,   0.4345,   0.2714, 8
C,  243, ASN,  0.8228,   0.0792,   0.0965, 8
C,  244, ALA,  0.1577,  -0.2916,   0.0047, 0
C,  245, ALA,  0.6513,  -0.0164,   0.0603, 31
C,  246, THR,  1.2938,   0.3417,   0.2231, 34
C,  247, GLN,  0.4891,  -0.1069,   0.0344, 39
C,  248, ILE,  0.3349,  -0.1928,   0.0171, 39
C,  249, PHE,  0.4448,  -0.1315,   0.0288, 31
C,  250, PHE,  2.5993,   1.0694,   0.5411, 7
C,  251, SER,  1.6480,   0.5391,   0.3234, 2
C,  252, LEU,  1.8184,   0.6341,   0.3684, 2
C,  253, GLY,  1.1877,   0.2825,   0.1928, 7
C,  254, LEU,  1.4587,   0.4336,   0.2709, 3
C,  255, GLY,  2.3217,   0.9147,   0.4853, 3
C,  256, PHE,  3.0605,   1.3265,   0.6205, 7
C,  257, GLY,  3.3603,   1.4936,   0.6642, 3
C,  258, SER,  1.7786,   0.6119,   0.3582, 7
C,  259, LEU,  4.6467,   2.2106,   0.7987, 2
C,  260, ILE,  3.6293,   1.6435,   0.6996, 3
C,  261, ALA,  0.6559,  -0.0138,   0.0611, 13
C,  262, PHE,  5.8925,   2.9050,   0.8754, 2
C,  263, ALA,  2.7940,   1.1779,   0.5767, 0
C,  264, SER,  0.1476,  -0.2972,   0.0042, 13
C,  265, TYR,  0.7851,   0.0581,   0.0878, 0
C,  266, ASN,  2.2143,   0.8548,   0.4624, 2
C,  267, GLU,  0.0550,  -0.3488,   0.0011, 0
C,  268, PRO,  0.0683,  -0.3414,   0.0014, 0
C,  269, SER,  0.0457,  -0.3540,   0.0009, 0
C,  270, ASN,  2.1127,   0.7982,   0.4393, 2
C,  271, ASN,  0.5318,  -0.0831,   0.0406, 2
C,  272, CYS,  2.1566,   0.8227,   0.4492, 4
C,  273, GLN,  0.8126,   0.0735,   0.0941, 29
C,  274, LYS,  0.3906,  -0.1618,   0.0226, 0
C,  275, HIS,  5.2242,   2.5325,   0.8394, 2
C,  276, ALA,  0.9294,   0.1386,   0.1226, 0
C,  277, ILE,  0.2979,  -0.2134,   0.0138, 29
C,  278, ILE,  0.7515,   0.0394,   0.0804, 0
C,  279, VAL,  2.7493,   1.1530,   0.5687, 2
C,  280, SER,  0.3140,  -0.2044,   0.0152, 0
C,  281, LEU,  0.6921,   0.0063,   0.0681, 0
C,  282, ILE,  1.3657,   0.3818,   0.2438, 0
C,  283, ASN,  0.2948,  -0.2151,   0.0135, 39
C,  284, SER,  0.4289,  -0.1404,   0.0269, 39
C,  285, PHE,  1.8694,   0.6626,   0.3814, 0
C,  286, THR,  0.9892,   0.1719,   0.1381, 27
C,  287, SER,  0.2581,  -0.2356,   0.0107, 39
C,  288, ILE,  0.7772,   0.0537,   0.0861, 0
C,  289, PHE,  2.1281,   0.8067,   0.4427, 0
C,  290, ALA,  0.9751,   0.1641,   0.1344, 0
C,  291, SER,  0.5146,  -0.0926,   0.0380, 0
C,  292, ILE,  0.7585,   0.0434,   0.0819, 0
C,  293, VAL,  0.5897,  -0.0508,   0.0496, 0
C,  294, THR,  0.5538,  -0.0708,   0.0439, 0
C,  295, PHE,  0.0231,  -0.3666,   0.0005, 0
C,  296, SER,  0.0257,  -0.3651,   0.0006, 0
C,  297, ILE,  0.1405,  -0.3011,   0.0039, 0
C,  298, TYR,  0.0392,  -0.3576,   0.0008, 0
C,  299, GLY,  0.0161,  -0.3705,   0.0004, 0
C,  300, PHE,  0.3360,  -0.1922,   0.0172, 38
C,  301, LYS,  0.8854,   0.1140,   0.1115, 38
C,  302, ALA,  0.1968,  -0.2697,   0.0067, 0
C,  303, THR,  0.1630,  -0.2886,   0.0049, 0
C,  304, PHE,  1.0870,   0.2264,   0.1646, 38
C,  305, ASN,  2.4801,   1.0030,   0.5182, 0
C,  306, TYR,  1.3588,   0.3779,   0.2418, 0
C,  307, GLU,  0.4493,  -0.1290,   0.0293, 0
C,  308, ASN,  1.1585,   0.2663,   0.1846, 0
C,  309, CYS,  1.0609,   0.2119,   0.1574, 0
C,  310, LEU,  0.7707,   0.0501,   0.0846, 0
C,  311, LYS,  0.5368,  -0.0802,   0.0413, 0
C,  312, LYS,  0.5767,  -0.0580,   0.0475, 0
C,  313, VAL,  0.1183,  -0.3135,   0.0030, 0
C,  314, SER,  0.5902,  -0.0505,   0.0497, 0
C,  315, LEU,  0.6980,   0.0096,   0.0693, 0
C,  316, LEU,  0.1117,  -0.3172,   0.0027, 0
C,  317, LEU,  0.0131,  -0.3722,   0.0004, 0
C,  318, THR,  0.5672,  -0.0633,   0.0460, 0
C,  319, ASN,  0.2184,  -0.2577,   0.0080, 0
C,  320, THR,  0.1396,  -0.3016,   0.0039, 0
C,  321, PHE,  0.2633,  -0.2327,   0.0111, 0
C,  322, ASP,  0.1557,  -0.2927,   0.0046, 0
C,  323, LEU,  0.4419,  -0.1332,   0.0285, 0
C,  324, GLU,  0.8037,   0.0685,   0.0920, 0
C,  325, ASP,  0.8371,   0.0871,   0.0998, 0
C,  326, GLY,  0.6025,  -0.0436,   0.0517, 0
C,  327, PHE,  0.9215,   0.1342,   0.1207, 0
C,  328, LEU,  0.4197,  -0.1455,   0.0258, 0
C,  329, THR,  0.3070,  -0.2083,   0.0146, 0
C,  330, ALA,  0.3524,  -0.1830,   0.0187, 0
C,  331, SER,  0.0806,  -0.3345,   0.0018, 0
C,  332, ASN,  0.1440,  -0.2992,   0.0041, 0
C,  333, LEU,  0.3168,  -0.2029,   0.0154, 0
C,  334, GLU,  0.3067,  -0.2085,   0.0145, 0
C,  335, GLN,  0.3134,  -0.2048,   0.0151, 0
C,  336, VAL,  0.2002,  -0.2679,   0.0069, 0
C,  337, LYS,  0.1895,  -0.2738,   0.0063, 0
C,  338, GLY,  0.0252,  -0.3654,   0.0006, 0
C,  339, TYR,  0.7793,   0.0549,   0.0866, 0
C,  340, LEU,  0.3101,  -0.2066,   0.0148, 0
C,  341, ALA,  0.1061,  -0.3203,   0.0025, 0
C,  342, SER,  0.0365,  -0.3591,   0.0008, 0
C,  343, ALA,  0.2898,  -0.2179,   0.0131, 0
C,  344, TYR,  0.4483,  -0.1296,   0.0292, 0
C,  345, PRO,  0.0473,  -0.3531,   0.0010, 0
C,  346, SER,  0.0382,  -0.3582,   0.0008, 0
C,  347, LYS,  0.1629,  -0.2886,   0.0049, 0
C,  348, TYR,  0.1950,  -0.2708,   0.0066, 0
C,  349, SER,  0.1007,  -0.3233,   0.0024, 0
C,  350, GLU,  0.0284,  -0.3636,   0.0006, 0
C,  351, MET,  0.0308,  -0.3623,   0.0007, 0
C,  352, PHE,  0.2967,  -0.2141,   0.0137, 0
C,  353, PRO,  0.0249,  -0.3656,   0.0006, 0
C,  354, GLN,  0.0562,  -0.3481,   0.0012, 0
C,  355, ILE,  0.0693,  -0.3408,   0.0015, 0
C,  356, LYS,  0.5684,  -0.0627,   0.0462, 0
C,  357, ASN,  0.5961,  -0.0472,   0.0507, 0
C,  358, CYS,  1.0600,   0.2114,   0.1572, 0
C,  359, SER,  0.8888,   0.1160,   0.1124, 0
C,  360, LEU,  0.7135,   0.0182,   0.0724, 0
C,  361, GLU,  0.5198,  -0.0897,   0.0388, 0
C,  362, SER,  0.1623,  -0.2890,   0.0049, 0
C,  363, GLU,  1.2252,   0.3035,   0.2035, 0
C,  364, LEU,  0.3616,  -0.1779,   0.0196, 0
C,  365, ASP,  0.5944,  -0.0482,   0.0504, 0
C,  366, THR,  0.6987,   0.0100,   0.0694, 0
C,  367, ALA,  1.0848,   0.2252,   0.1639, 0
C,  368, VAL,  0.5753,  -0.0588,   0.0473, 0
C,  369, GLN,  0.9729,   0.1628,   0.1339, 10
C,  370, GLY,  0.8055,   0.0695,   0.0924, 10
C,  371, THR,  1.0236,   0.1911,   0.1473, 10
C,  372, GLY,  0.2302,  -0.2512,   0.0087, 0
C,  373, LEU,  0.0872,  -0.3308,   0.0019, 0
C,  374, ALA,  0.1856,  -0.2760,   0.0061, 43
C,  375, PHE,  0.5956,  -0.0475,   0.0506, 0
C,  376, ILE,  0.4009,  -0.1560,   0.0237, 0
C,  377, VAL,  0.0817,  -0.3339,   0.0018, 0
C,  378, TYR,  0.7441,   0.0353,   0.0789, 0
C,  379, THR,  0.1827,  -0.2777,   0.0059, 0
C,  380, GLU,  0.5789,  -0.0568,   0.0479, 38
C,  381, ALA,  0.1121,  -0.3170,   0.0028, 0
C,  382, ILE,  0.1951,  -0.2707,   0.0066, 0
C,  383, LYS,  1.0517,   0.2067,   0.1548, 23
C,  384, ASN,  0.3232,  -0.1993,   0.0160, 38
C,  385, MET,  0.2061,  -0.2646,   0.0072, 0
C,  386, GLU,  0.1152,  -0.3153,   0.0029, 0
C,  387, VAL,  0.0530,  -0.3499,   0.0011, 0
C,  388, SER,  0.1023,  -0.3225,   0.0024, 0
C,  389, GLN,  0.0785,  -0.3357,   0.0017, 0
C,  390, LEU,  0.3163,  -0.2031,   0.0154, 0
C,  391, TRP,  0.5615,  -0.0665,   0.0451, 0
C,  392, SER,  0.0920,  -0.3282,   0.0021, 0
C,  393, VAL,  0.6869,   0.0034,   0.0671, 11
C,  394, LEU,  1.0329,   0.1963,   0.1498, 0
C,  395, TYR,  1.0599,   0.2114,   0.1571, 0
C,  396, PHE,  0.1928,  -0.2720,   0.0064, 0
C,  397, PHE,  2.3522,   0.9316,   0.4917, 11
C,  398, MET,  1.2638,   0.3250,   0.2145, 27
C,  399, LEU,  0.3891,  -0.1626,   0.0224, 43
C,  400, LEU,  1.9600,   0.7130,   0.4036, 11
C,  401, MET,  2.4996,   1.0138,   0.5220, 0
C,  402, LEU,  1.9336,   0.6984,   0.3972, 0
C,  403, GLY,  0.3080,  -0.2078,   0.0146, 0
C,  404, ILE,  1.5261,   0.4712,   0.2899, 11
C,  405, GLY,  1.5264,   0.4714,   0.2900, 7
C,  406, SER,  2.2545,   0.8772,   0.4712, 7
C,  407, MET,  1.4332,   0.4194,   0.2634, 0
C,  408, LEU,  0.7791,   0.0548,   0.0865, 0
C,  409, GLY,  0.5840,  -0.0540,   0.0487, 7
C,  410, ASN,  2.6678,   1.1076,   0.5538, 7
C,  411, THR,  2.0195,   0.7462,   0.4180, 14
C,  412, ALA,  0.5070,  -0.0968,   0.0369, 13
C,  413, ALA,  0.3956,  -0.1590,   0.0231, 13
C,  414, ILE,  2.5707,   1.0535,   0.5356, 14
C,  415, LEU,  1.3284,   0.3610,   0.2331, 14
C,  416, THR,  0.8877,   0.1153,   0.1121, 13
C,  417, PRO,  1.2887,   0.3389,   0.2216, 13
C,  418, LEU,  0.7381,   0.0320,   0.0776, 25
C,  419, THR,  0.1595,  -0.2905,   0.0048, 0
C,  420, ASP,  0.3910,  -0.1615,   0.0226, 13
C,  421, SER,  0.1137,  -0.3161,   0.0028, 0
C,  422, LYS,  0.0612,  -0.3454,   0.0013, 0
C,  423, ILE,  0.0367,  -0.3590,   0.0008, 0
C,  424, ILE,  0.2038,  -0.2659,   0.0071, 0
C,  425, SER,  0.1016,  -0.3228,   0.0024, 0
C,  426, SER,  0.0612,  -0.3454,   0.0013, 0
C,  427, HIS,  0.1093,  -0.3186,   0.0027, 0
C,  428, LEU,  0.1809,  -0.2786,   0.0058, 0
C,  429, PRO,  0.1594,  -0.2906,   0.0047, 0
C,  430, LYS,  0.2697,  -0.2291,   0.0115, 0
C,  431, GLU,  0.2503,  -0.2399,   0.0101, 0
C,  432, ALA,  0.1533,  -0.2940,   0.0045, 0
C,  433, ILE,  0.3038,  -0.2101,   0.0143, 0
C,  434, SER,  1.2581,   0.3218,   0.2129, 0
C,  435, GLY,  0.4368,  -0.1360,   0.0279, 0
C,  436, LEU,  0.2026,  -0.2665,   0.0070, 0
C,  437, VAL,  2.4581,   0.9907,   0.5137, 14
C,  438, CYS,  2.2394,   0.8688,   0.4680, 14
C,  439, LEU,  1.3076,   0.3494,   0.2272, 0
C,  440, VAL,  0.6599,  -0.0116,   0.0618, 25
C,  441, ASN,  1.9688,   0.7180,   0.4058, 14
C,  442, CYS,  0.9901,   0.1724,   0.1383, 0
C,  443, ALA,  0.7512,   0.0393,   0.0804, 0
C,  444, ILE,  0.6879,   0.0040,   0.0673, 26
C,  445, GLY,  0.2170,  -0.2585,   0.0079, 0
C,  446, MET,  0.3916,  -0.1612,   0.0227, 0
C,  447, VAL,  0.7115,   0.0171,   0.0720, 26
C,  448, PHE,  0.9274,   0.1375,   0.1221, 0
C,  449, THR,  0.8356,   0.0863,   0.0995, 0
C,  450, MET,  0.6321,  -0.0271,   0.0568, 0
C,  451, GLU,  0.0729,  -0.3389,   0.0015, 0
C,  452, ALA,  0.1605,  -0.2900,   0.0048, 0
C,  453, GLY,  0.2294,  -0.2516,   0.0087, 0
C,  454, ASN,  1.0217,   0.1900,   0.1468, 22
C,  455, TYR,  0.8650,   0.1027,   0.1065, 22
C,  456, TRP,  2.2986,   0.9018,   0.4806, 26
C,  457, PHE,  0.4874,  -0.1078,   0.0342, 0
C,  458, ASP,  1.5483,   0.4836,   0.2962, 10
C,  459, ILE,  1.9458,   0.7051,   0.4002, 0
C,  460, PHE,  2.1461,   0.8168,   0.4468, 15
C,  461, ASN,  1.3680,   0.3831,   0.2444, 28
C,  462, ASP,  1.5774,   0.4998,   0.3041, 8
C,  463, TYR,  1.8867,   0.6722,   0.3857, 8
C,  464, ALA,  1.9775,   0.7228,   0.4080, 8
C,  465, ALA,  1.6219,   0.5246,   0.3162, 15
C,  466, THR,  1.5741,   0.4979,   0.3032, 15
C,  467, LEU,  2.7309,   1.1428,   0.5653, 8
C,  468, SER,  1.6200,   0.5235,   0.3157, 15
C,  469, LEU,  0.2642,  -0.2322,   0.0111, 0
C,  470, LEU,  1.0701,   0.2170,   0.1600, 31
C,  471, LEU,  1.8243,   0.6374,   0.3699, 0
C,  472, ILE,  2.7682,   1.1635,   0.5722, 3
C,  473, VAL,  0.5432,  -0.0767,   0.0423, 3
C,  474, LEU,  0.9424,   0.1459,   0.1259, 0
C,  475, VAL,  1.7375,   0.5890,   0.3476, 0
C,  476, GLU,  5.3672,   2.6122,   0.8478, 3
C,  477, THR,  0.5134,  -0.0933,   0.0378, 0
C,  478, ILE,  1.3590,   0.3781,   0.2419, 0
C,  479, ALA,  1.3175,   0.3549,   0.2300, 6
C,  480, VAL,  2.9716,   1.2769,   0.6067, 4
C,  481, CYS,  1.0002,   0.1781,   0.1410, 0
C,  482, TYR,  1.7172,   0.5777,   0.3421, 0
C,  483, VAL,  0.3466,  -0.1863,   0.0182, 0
C,  484, TYR,  1.0956,   0.2312,   0.1669, 6
C,  485, GLY,  0.7194,   0.0216,   0.0737, 6
C,  486, LEU,  1.5939,   0.5090,   0.3086, 4
C,  487, ARG,  0.3293,  -0.1959,   0.0165, 0
C,  488, ARG,  0.2386,  -0.2465,   0.0093, 0
C,  489, PHE,  2.6990,   1.1250,   0.5595, 6
C,  490, GLU,  3.6599,   1.6606,   0.7034, 4
C,  491, SER,  0.1024,  -0.3224,   0.0024, 0
C,  492, ASP,  0.1520,  -0.2947,   0.0044, 0
C,  493, LEU,  0.0961,  -0.3259,   0.0022, 0
C,  494, LYS,  0.0778,  -0.3361,   0.0017, 0
C,  495, ALA,  0.1220,  -0.3115,   0.0031, 0
C,  496, MET,  2.3982,   0.9573,   0.5014, 4
C,  497, THR,  0.4114,  -0.1501,   0.0248, 4
C,  498, GLY,  0.0949,  -0.3266,   0.0022, 0
C,  499, ARG,  0.7966,   0.0646,   0.0904, 4
C,  500, ALA,  2.3519,   0.9315,   0.4917, 4
C,  501, VAL,  0.9986,   0.1771,   0.1405, 0
C,  502, SER,  1.5402,   0.4790,   0.2939, 4
C,  503, TRP,  0.9252,   0.1362,   0.1216, 4
C,  504, TYR,  0.6030,  -0.0434,   0.0518, 0
C,  505, TRP,  0.9948,   0.1750,   0.1395, 4
C,  506, LYS,  0.8157,   0.0752,   0.0948, 4
C,  507, VAL,  0.2412,  -0.2450,   0.0095, 0
C,  508, MET,  0.6543,  -0.0147,   0.0608, 29
C,  509, TRP,  3.2709,   1.4437,   0.6517, 4
C,  510, ALA,  0.7276,   0.0261,   0.0754, 0
C,  511, GLY,  0.3887,  -0.1628,   0.0224, 0
C,  512, VAL,  0.2278,  -0.2525,   0.0086, 0
C,  513, SER,  0.0662,  -0.3426,   0.0014, 0
C,  514, PRO,  0.3876,  -0.1634,   0.0222, 0
C,  515, LEU,  0.2379,  -0.2469,   0.0093, 0
C,  516, LEU,  1.1598,   0.2670,   0.1850, 17
C,  517, ILE,  1.2678,   0.3272,   0.2157, 31
C,  518, VAL,  1.0193,   0.1887,   0.1462, 0
C,  519, SER,  1.1829,   0.2799,   0.1914, 17
C,  520, LEU,  1.6080,   0.5168,   0.3125, 17
C,  521, PHE,  2.6019,   1.0709,   0.5416, 8
C,  522, VAL,  0.5801,  -0.0561,   0.0481, 0
C,  523, PHE,  0.6823,   0.0009,   0.0662, 17
C,  524, TYR,  2.0563,   0.7667,   0.4266, 8
C,  525, LEU,  0.9027,   0.1237,   0.1158, 8
C,  526, SER,  0.1823,  -0.2778,   0.0059, 0
C,  527, ASP,  0.1861,  -0.2757,   0.0061, 8
C,  528, TYR,  0.9110,   0.1283,   0.1179, 8
C,  529, ILE,  0.0760,  -0.3371,   0.0016, 0
C,  530, LEU,  0.0328,  -0.3612,   0.0007, 0
C,  531, THR,  0.0580,  -0.3471,   0.0012, 0
C,  532, GLY,  0.1095,  -0.3184,   0.0027, 0
C,  533, THR,  0.2052,  -0.2651,   0.0072, 0
C,  534, LEU,  0.9657,   0.1588,   0.1320, 8
C,  535, LYS,  0.4632,  -0.1213,   0.0310, 10
C,  536, TYR,  0.8400,   0.0888,   0.1005, 10
C,  537, GLN,  1.4369,   0.4214,   0.2645, 10
C,  538, ALA,  0.4479,  -0.1298,   0.0292, 22
C,  539, TRP,  0.5341,  -0.0818,   0.0409, 22
C,  540, ASP,  0.0457,  -0.3540,   0.0009, 0
C,  541, ALA,  0.0934,  -0.3274,   0.0021, 0
C,  542, SER,  0.0531,  -0.3498,   0.0011, 0
C,  543, GLN,  0.0371,  -0.3588,   0.0008, 0
C,  544, GLY,  0.5936,  -0.0486,   0.0502, 0
C,  545, GLN,  1.0039,   0.1801,   0.1420, 0
C,  546, LEU,  0.7657,   0.0473,   0.0835, 22
C,  547, VAL,  0.0261,  -0.3649,   0.0006, 0
C,  548, THR,  0.0539,  -0.3494,   0.0011, 0
C,  549, LYS,  0.0375,  -0.3586,   0.0008, 0
C,  550, ASP,  0.0429,  -0.3555,   0.0009, 0
C,  551, TYR,  0.8845,   0.1136,   0.1113, 0
C,  552, PRO,  0.1260,  -0.3092,   0.0033, 0
C,  553, ALA,  0.0734,  -0.3385,   0.0016, 0
C,  554, TYR,  0.4728,  -0.1159,   0.0323, 0
C,  555, ALA,  1.2976,   0.3438,   0.2242, 0
C,  556, LEU,  0.2995,  -0.2125,   0.0139, 8
C,  557, ALA,  0.0670,  -0.3421,   0.0014, 0
C,  558, VAL,  1.4940,   0.4533,   0.2809, 26
C,  559, ILE,  1.4065,   0.4045,   0.2558, 8
C,  560, GLY,  0.2022,  -0.2668,   0.0070, 0
C,  561, LEU,  0.1951,  -0.2707,   0.0066, 0
C,  562, LEU,  2.4950,   1.0113,   0.5211, 15
C,  563, VAL,  1.0477,   0.2045,   0.1537, 8
C,  564, ALA,  0.1502,  -0.2957,   0.0043, 0
C,  565, SER,  0.6442,  -0.0204,   0.0590, 0
C,  566, SER,  1.9048,   0.6823,   0.3902, 0
C,  567, THR,  1.2783,   0.3331,   0.2186, 0
C,  568, MET,  0.7004,   0.0110,   0.0697, 0
C,  569, CYS,  1.3877,   0.3941,   0.2502, 0
C,  570, ILE,  1.4557,   0.4320,   0.2701, 0
C,  571, PRO,  0.2838,  -0.2213,   0.0126, 0
C,  572, LEU,  0.4291,  -0.1403,   0.0269, 0
C,  573, ALA,  0.2728,  -0.2274,   0.0118, 0
C,  574, ALA,  0.2403,  -0.2455,   0.0094, 0
C,  575, LEU,  0.2940,  -0.2156,   0.0135, 0
C,  576, GLY,  0.0847,  -0.3322,   0.0019, 0
C,  577, THR,  0.1468,  -0.2976,   0.0042, 0
C,  578, PHE,  0.5377,  -0.0797,   0.0415, 0
C,  579, VAL,  0.1263,  -0.3091,   0.0033, 0
C,  580, GLN,  0.0673,  -0.3419,   0.0014, 0
C,  581, ARG,  0.2056,  -0.2648,   0.0072, 0
C,  582, ARG,  0.1403,  -0.3012,   0.0039, 0
C,  583, LEU,  0.0613,  -0.3453,   0.0013, 0
D,   20, SER,  0.0153,  -0.3709,   0.0004, 0
D,   21, ILE,  0.0711,  -0.3398,   0.0015, 0
D,   22, GLU,  0.0317,  -0.3618,   0.0007, 0
D,   23, GLU,  0.0089,  -0.3745,   0.0003, 0
D,   24, GLN,  0.1265,  -0.3089,   0.0033, 0
D,   25, ALA,  0.1479,  -0.2970,   0.0042, 0
D,   26, LYS,  0.1633,  -0.2884,   0.0049, 0
D,   27, THR,  0.0411,  -0.3566,   0.0008, 0
D,   28, PHE,  0.3333,  -0.1937,   0.0169, 0
D,   29, LEU,  0.3538,  -0.1822,   0.0188, 0
D,   30, ASP,  0.2685,  -0.2298,   0.0114, 0
D,   31, LYS,  0.1154,  -0.3151,   0.0029, 0
D,   32, PHE,  0.6920,   0.0063,   0.0681, 0
D,   33, ASN,  0.3393,  -0.1903,   0.0175, 0
D,   34, HIS,  0.1097,  -0.3183,   0.0027, 0
D,   35, GLU,  0.0565,  -0.3480,   0.0012, 0
D,   36, ALA,  0.6512,  -0.0165,   0.0602, 0
D,   37, GLU,  0.7894,   0.0605,   0.0888, 0
D,   38, ASP,  0.1689,  -0.2853,   0.0052, 0
D,   39, LEU,  0.4856,  -0.1088,   0.0340, 0
D,   40, PHE,  2.7774,   1.1686,   0.5738, 0
D,   41, TYR,  0.4167,  -0.1472,   0.0254, 0
D,   42, GLN,  0.1950,  -0.2708,   0.0066, 0
D,   43, SER,  1.5550,   0.4873,   0.2980, 0
D,   44, SER,  0.7366,   0.0311,   0.0773, 0
D,   45, LEU,  0.3122,  -0.2054,   0.0150, 0
D,   46, ALA,  0.3738,  -0.1711,   0.0208, 0
D,   47, SER,  0.9731,   0.1629,   0.1339, 0
D,   48, TRP,  0.7395,   0.0327,   0.0779, 0
D,   49, ASN,  0.2090,  -0.2630,   0.0074, 0
D,   50, TYR,  0.3718,  -0.1722,   0.0206, 0
D,   51, ASN,  0.8350,   0.0859,   0.0993, 0
D,   52, THR,  0.6574,  -0.0131,   0.0614, 0
D,   53, ASN,  0.2251,  -0.2540,   0.0084, 0
D,   54, ILE,  0.1179,  -0.3138,   0.0030, 0
D,   55, THR,  0.0265,  -0.3647,   0.0006, 0
D,   56, GLU,  0.0108,  -0.3734,   0.0004, 0
D,   57, GLU,  0.1152,  -0.3153,   0.0029, 0
D,   58, ASN,  0.1082,  -0.3191,   0.0026, 0
D,   59, VAL,  0.0773,  -0.3364,   0.0017, 0
D,   60, GLN,  0.0223,  -0.3670,   0.0005, 0
D,   61, ASN,  0.3883,  -0.1630,   0.0223, 0
D,   62, MET,  0.5984,  -0.0459,   0.0510, 0
D,   63, ASN,  0.2001,  -0.2679,   0.0069, 0
D,   64, ASN,  0.0900,  -0.3293,   0.0020, 0
D,   65, ALA,  0.7409,   0.0335,   0.0782, 0
D,   66, GLY,  0.7429,   0.0346,   0.0786, 0
D,   67, ASP,  0.2219,  -0.2558,   0.0082, 0
D,   68, LYS,  0.0827,  -0.3334,   0.0018, 0
D,   69, TRP,  2.1889,   0.8406,   0.4567, 30
D,   70, SER,  0.2049,  -0.2653,   0.0071, 0
D,   71, ALA,  0.0164,  -0.3703,   0.0004, 0
D,   72, PHE,  0.0684,  -0.3413,   0.0014, 0
D,   73, LEU,  0.9433,   0.1463,   0.1261, 30
D,   74, LYS,  0.1574,  -0.2917,   0.0047, 0
D,   75, GLU,  0.0723,  -0.3392,   0.0015, 0
D,   76, GLN,  0.0958,  -0.3260,   0.0022, 0
D,   77, SER,  0.1841,  -0.2768,   0.0060, 0
D,   78, THR,  0.0783,  -0.3358,   0.0017, 0
D,   79, LEU,  0.2795,  -0.2237,   0.0123, 0
D,   80, ALA,  0.2565,  -0.2365,   0.0106, 0
D,   81, GLN,  0.2031,  -0.2663,   0.0070, 0
D,   82, MET,  0.2734,  -0.2271,   0.0118, 0
D,   83, TYR,  0.3834,  -0.1658,   0.0218, 0
D,   84, PRO,  0.0426,  -0.3557,   0.0009, 0
D,   85, LEU,  0.0917,  -0.3283,   0.0021, 0
D,   86, GLN,  0.0247,  -0.3657,   0.0006, 0
D,   87, GLU,  0.0307,  -0.3623,   0.0007, 0
D,   88, ILE,  0.0285,  -0.3636,   0.0006, 0
D,   89, GLN,  0.0185,  -0.3692,   0.0005, 0
D,   90, ASN,  0.0627,  -0.3445,   0.0013, 0
D,   91, LEU,  0.2830,  -0.2217,   0.0126, 0
D,   92, THR,  0.1662,  -0.2868,   0.0051, 0
D,   93, VAL,  0.1566,  -0.2921,   0.0046, 0
D,   94, LYS,  0.0914,  -0.3285,   0.0021, 0
D,   95, LEU,  1.5253,   0.4708,   0.2897, 0
D,   96, GLN,  0.4290,  -0.1403,   0.0269, 0
D,   97, LEU,  0.1509,  -0.2953,   0.0044, 0
D,   98, GLN,  1.2179,   0.2994,   0.2014, 0
D,   99, ALA,  0.4262,  -0.1419,   0.0266, 30
D,  100, LEU,  0.8176,   0.0763,   0.0953, 30
D,  101, GLN,  0.2092,  -0.2628,   0.0074, 0
D,  102, GLN,  1.3225,   0.3577,   0.2314, 0
D,  103, ASN,  0.6298,  -0.0284,   0.0564, 0
D,  104, GLY,  1.1672,   0.2711,   0.1871, 0
D,  105, SER,  1.2779,   0.3328,   0.2185, 0
D,  106, SER,  0.2246,  -0.2542,   0.0084, 0
D,  107, VAL,  0.0700,  -0.3404,   0.0015, 0
D,  108, LEU,  0.2498,  -0.2402,   0.0101, 0
D,  109, SER,  0.0061,  -0.3761,   0.0003, 0
D,  110, GLU,  0.0373,  -0.3587,   0.0008, 0
D,  111, ASP,  0.0363,  -0.3592,   0.0008, 0
D,  112, LYS,  0.0195,  -0.3686,   0.0005, 0
D,  113, SER,  0.0912,  -0.3286,   0.0021, 0
D,  114, LYS,  0.0551,  -0.3487,   0.0011, 0
D,  115, ARG,  0.0917,  -0.3283,   0.0021, 0
D,  116, LEU,  0.5166,  -0.0915,   0.0383, 0
D,  117, ASN,  0.2367,  -0.2475,   0.0092, 0
D,  118, THR,  0.0334,  -0.3608,   0.0007, 0
D,  119, ILE,  0.0462,  -0.3537,   0.0009, 0
D,  120, LEU,  0.1721,  -0.2835,   0.0054, 0
D,  121, ASN,  0.0394,  -0.3575,   0.0008, 0
D,  122, THR,  0.0527,  -0.3501,   0.0011, 0
D,  123, MET,  0.0314,  -0.3620,   0.0007, 0
D,  124, SER,  0.1052,  -0.3209,   0.0025, 0
D,  125, THR,  0.0623,  -0.3447,   0.0013, 0
D,  126, ILE,  0.0414,  -0.3564,   0.0008, 0
D,  127, TYR,  0.5670,  -0.0634,   0.0459, 35
D,  128, SER,  0.1598,  -0.2904,   0.0048, 0
D,  129, THR,  0.0445,  -0.3547,   0.0009, 0
D,  130, GLY,  0.0567,  -0.3479,   0.0012, 0
D,  131, LYS,  0.1219,  -0.3115,   0.0031, 0
D,  132, VAL,  0.4084,  -0.1518,   0.0245, 0
D,  133, CYS,  0.5950,  -0.0478,   0.0505, 0
D,  134, ASN,  0.7023,   0.0120,   0.0701, 0
D,  135, PRO,  0.8979,   0.1210,   0.1146, 0
D,  136, ASP,  0.1817,  -0.2782,   0.0058, 0
D,  137, ASN,  0.0460,  -0.3538,   0.0009, 0
D,  138, PRO,  0.0295,  -0.3630,   0.0006, 0
D,  139, GLN,  0.0142,  -0.3715,   0.0004, 0
D,  140, GLU,  0.2658,  -0.2313,   0.0112, 0
D,  141, CYS,  0.1778,  -0.2804,   0.0056, 0
D,  142, LEU,  0.5023,  -0.0995,   0.0362, 0
D,  143, LEU,  0.2146,  -0.2598,   0.0077, 0
D,  144, LEU,  0.2222,  -0.2556,   0.0082, 35
D,  145, GLU,  0.2752,  -0.2261,   0.0120, 0
D,  146, PRO,  0.0406,  -0.3568,   0.0008, 0
D,  147, GLY,  0.0194,  -0.3686,   0.0005, 0
D,  148, LEU,  0.2651,  -0.2317,   0.0112, 0
D,  149, ASN,  0.5579,  -0.0685,   0.0445, 35
D,  150, GLU,  0.0399,  -0.3572,   0.0008, 0
D,  151, ILE,  0.4108,  -0.1505,   0.0248, 0
D,  152, MET,  0.2314,  -0.2505,   0.0088, 0
D,  153, ALA,  0.1871,  -0.2752,   0.0061, 0
D,  154, ASN,  0.0799,  -0.3349,   0.0017, 0
D,  155, SER,  0.2814,  -0.2226,   0.0125, 0
D,  156, LEU,  0.3485,  -0.1852,   0.0183, 0
D,  157, ASP,  0.0685,  -0.3413,   0.0014, 0
D,  158, TYR,  0.6071,  -0.0410,   0.0525, 20
D,  159, ASN,  0.2973,  -0.2138,   0.0137, 0
D,  160, GLU,  0.2294,  -0.2516,   0.0087, 0
D,  161, ARG,  0.2641,  -0.2323,   0.0111, 0
D,  162, LEU,  0.4280,  -0.1409,   0.0268, 20
D,  163, TRP,  1.3111,   0.3513,   0.2282, 0
D,  164, ALA,  0.0894,  -0.3296,   0.0020, 0
D,  165, TRP,  0.7772,   0.0537,   0.0861, 16
D,  166, GLU,  0.7425,   0.0344,   0.0785, 21
D,  167, SER,  0.6076,  -0.0408,   0.0526, 0
D,  168, TRP,  0.1688,  -0.2854,   0.0052, 0
D,  169, ARG,  0.8872,   0.1151,   0.1120, 16
D,  170, SER,  0.5809,  -0.0557,   0.0482, 21
D,  171, GLU,  0.3107,  -0.2063,   0.0149, 21
D,  172, VAL,  0.0060,  -0.3761,   0.0003, 0
D,  173, GLY,  0.0074,  -0.3753,   0.0003, 0
D,  174, LYS,  0.4142,  -0.1486,   0.0251, 21
D,  175, GLN,  0.0455,  -0.3541,   0.0009, 0
D,  176, LEU,  0.0047,  -0.3768,   0.0003, 0
D,  177, ARG,  0.0230,  -0.3667,   0.0005, 0
D,  178, PRO,  0.0535,  -0.3496,   0.0011, 0
D,  179, LEU,  0.0604,  -0.3458,   0.0012, 0
D,  180, TYR,  1.0148,   0.1862,   0.1449, 0
D,  181, GLU,  0.3587,  -0.1795,   0.0193, 0
D,  182, GLU,  0.0259,  -0.3650,   0.0006, 0
D,  183, TYR,  0.7955,   0.0640,   0.0902, 0
D,  184, VAL,  0.6909,   0.0057,   0.0679, 40
D,  185, VAL,  0.2069,  -0.2642,   0.0073, 40
D,  186, LEU,  0.0162,  -0.3704,   0.0004, 0
D,  187, LYS,  1.6568,   0.5441,   0.3258, 0
D,  188, ASN,  0.1887,  -0.2743,   0.0062, 40
D,  189, GLU,  0.0197,  -0.3685,   0.0005, 0
D,  190, MET,  1.1440,   0.2582,   0.1805, 0
D,  191, ALA,  0.0116,  -0.3730,   0.0004, 0
D,  192, ARG,  0.0999,  -0.3238,   0.0023, 0
D,  193, ALA,  0.0602,  -0.3459,   0.0012, 0
D,  194, ASN,  0.7291,   0.0269,   0.0758, 0
D,  195, HIS,  0.1607,  -0.2899,   0.0048, 0
D,  196, TYR,  1.2103,   0.2952,   0.1993, 0
D,  197, GLU,  0.1523,  -0.2946,   0.0044, 0
D,  198, ASP,  0.1472,  -0.2974,   0.0042, 0
D,  199, TYR,  2.1968,   0.8450,   0.4585, 0
D,  200, GLY,  0.1824,  -0.2778,   0.0059, 0
D,  201, ASP,  0.2666,  -0.2308,   0.0113, 0
D,  202, TYR,  2.4649,   0.9945,   0.5151, 0
D,  203, TRP,  1.9000,   0.6796,   0.3890, 0
D,  204, ARG,  0.5378,  -0.0797,   0.0415, 0
D,  205, GLY,  0.8544,   0.0968,   0.1039, 0
D,  206, ASP,  1.1616,   0.2680,   0.1855, 0
D,  207, TYR,  3.3067,   1.4637,   0.6568, 12
D,  208, GLU,  1.9039,   0.6818,   0.3900, 0
D,  209, VAL,  1.4947,   0.4537,   0.2811, 0
D,  210, ASN,  0.7310,   0.0280,   0.0761, 0
D,  211, GLY,  0.1268,  -0.3088,   0.0033, 0
D,  212, VAL,  0.6298,  -0.0284,   0.0564, 0
D,  213, ASP,  0.1130,  -0.3165,   0.0028, 0
D,  214, GLY,  0.0835,  -0.3329,   0.0018, 0
D,  215, TYR,  0.1783,  -0.2801,   0.0057, 0
D,  216, ASP,  0.0744,  -0.3380,   0.0016, 0
D,  217, TYR,  2.7994,   1.1809,   0.5776, 12
D,  218, SER,  0.0620,  -0.3449,   0.0013, 0
D,  219, ARG,  0.3591,  -0.1793,   0.0193, 0
D,  220, GLY,  0.2180,  -0.2579,   0.0079, 0
D,  221, GLN,  0.2097,  -0.2626,   0.0074, 0
D,  222, LEU,  3.0768,   1.3355,   0.6229, 12
D,  223, ILE,  0.5158,  -0.0920,   0.0382, 0
D,  224, GLU,  0.0464,  -0.3536,   0.0009, 0
D,  225, ASP,  2.1944,   0.8437,   0.4580, 12
D,  226, VAL,  0.2384,  -0.2466,   0.0093, 0
D,  227, GLU,  0.3144,  -0.2042,   0.0152, 0
D,  228, HIS,  0.0744,  -0.3380,   0.0016, 0
D,  229, THR,  0.1633,  -0.2884,   0.0049, 0
D,  230, PHE,  0.3105,  -0.2064,   0.0149, 0
D,  231, GLU,  0.0378,  -0.3584,   0.0008, 0
D,  232, GLU,  0.2288,  -0.2519,   0.0086, 0
D,  233, ILE,  0.3309,  -0.1950,   0.0167, 0
D,  234, LYS,  0.3115,  -0.2058,   0.0149, 0
D,  235, PRO,  0.2954,  -0.2148,   0.0136, 0
D,  236, LEU,  0.5153,  -0.0922,   0.0381, 0
D,  237, TYR,  0.4759,  -0.1142,   0.0327, 0
D,  238, GLU,  0.8523,   0.0956,   0.1034, 0
D,  239, HIS,  0.1313,  -0.3063,   0.0035, 0
D,  240, LEU,  0.0983,  -0.3247,   0.0023, 0
D,  241, HIS,  0.1691,  -0.2852,   0.0052, 0
D,  242, ALA,  0.2010,  -0.2674,   0.0069, 0
D,  243, TYR,  0.5054,  -0.0978,   0.0367, 0
D,  244, VAL,  0.0000,  -0.3795,   0.0002, 0
D,  245, ARG,  0.1331,  -0.3052,   0.0036, 0
D,  246, ALA,  0.3696,  -0.1734,   0.0204, 0
D,  247, LYS,  0.2806,  -0.2231,   0.0124, 0
D,  248, LEU,  0.1320,  -0.3059,   0.0035, 0
D,  249, MET,  0.1377,  -0.3027,   0.0038, 0
D,  250, ASN,  0.0564,  -0.3480,   0.0012, 0
D,  251, ALA,  0.0665,  -0.3424,   0.0014, 0
D,  252, TYR,  0.3413,  -0.1892,   0.0177, 0
D,  253, PRO,  0.0725,  -0.3391,   0.0015, 0
D,  254, SER,  0.1875,  -0.2750,   0.0062, 0
D,  255, TYR,  0.6197,  -0.0341,   0.0546, 20
D,  256, ILE,  0.0338,  -0.3606,   0.0007, 0
D,  257, SER,  0.1703,  -0.2846,   0.0053, 0
D,  258, PRO,  0.2217,  -0.2559,   0.0082, 0
D,  259, ILE,  0.2190,  -0.2574,   0.0080, 0
D,  260, GLY,  0.0374,  -0.3586,   0.0008, 0
D,  261, CYS,  0.0145,  -0.3714,   0.0004, 0
D,  262, LEU,  0.1553,  -0.2929,   0.0046, 0
D,  263, PRO,  0.0070,  -0.3756,   0.0003, 0
D,  264, ALA,  0.5259,  -0.0863,   0.0397, 16
D,  265, HIS,  0.3799,  -0.1677,   0.0214, 0
D,  266, LEU,  0.2299,  -0.2513,   0.0087, 0
D,  267, LEU,  0.5744,  -0.0593,   0.0471, 37
D,  268, GLY,  0.4240,  -0.1432,   0.0263, 0
D,  269, ASP,  0.6610,  -0.0110,   0.0621, 35
D,  270, MET,  0.9511,   0.1507,   0.1281, 16
D,  271, TRP,  1.8623,   0.6586,   0.3796, 16
D,  272, GLY,  0.6366,  -0.0246,   0.0576, 37
D,  273, ARG,  0.9202,   0.1335,   0.1203, 24
D,  274, PHE,  0.8232,   0.0794,   0.0966, 24
D,  275, TRP,  0.3808,  -0.1672,   0.0215, 0
D,  276, THR,  0.3050,  -0.2094,   0.0144, 0
D,  277, ASN,  0.4670,  -0.1192,   0.0315, 0
D,  278, LEU,  0.2748,  -0.2263,   0.0119, 0
D,  279, TYR,  0.3449,  -0.1872,   0.0180, 0
D,  280, SER,  0.1968,  -0.2698,   0.0067, 0
D,  281, LEU,  0.3319,  -0.1945,   0.0168, 0
D,  282, THR,  0.2446,  -0.2431,   0.0097, 0
D,  283, VAL,  0.1738,  -0.2826,   0.0054, 0
D,  284, PRO,  0.3304,  -0.1953,   0.0166, 0
D,  285, PHE,  0.3712,  -0.1725,   0.0205, 0
D,  286, GLY,  0.0796,  -0.3351,   0.0017, 0
D,  287, GLN,  0.0570,  -0.3477,   0.0012, 0
D,  288, LYS,  0.1097,  -0.3183,   0.0027, 0
D,  289, PRO,  0.1487,  -0.2966,   0.0043, 0
D,  290, ASN,  0.4760,  -0.1142,   0.0327, 41
D,  291, ILE,  0.7729,   0.0513,   0.0851, 1
D,  292, ASP,  0.3417,  -0.1890,   0.0177, 0
D,  293, VAL,  7.4029,   3.7469,   0.9288, 1
D,  294, THR,  0.2821,  -0.2222,   0.0125, 0
D,  295, ASP,  0.0142,  -0.3716,   0.0004, 0
D,  296, ALA,  0.2177,  -0.2581,   0.0079, 0
D,  297, MET,  4.6255,   2.1988,   0.7971, 1
D,  298, VAL,  0.0575,  -0.3474,   0.0012, 0
D,  299, ASP,  0.0213,  -0.3676,   0.0005, 0
D,  300, GLN,  0.0467,  -0.3534,   0.0009, 0
D,  301, ALA,  0.0369,  -0.3589,   0.0008, 0
D,  302, TRP,  4.4822,   2.1189,   0.7859, 1
D,  303, ASP,  0.0509,  -0.3511,   0.0010, 0
D,  304, ALA,  0.0086,  -0.3747,   0.0003, 0
D,  305, GLN,  0.1614,  -0.2895,   0.0048, 0
D,  306, ARG,  0.0560,  -0.3483,   0.0011, 0
D,  307, ILE,  2.2054,   0.8499,   0.4604, 0
D,  308, PHE,  0.9367,   0.1427,   0.1245, 0
D,  309, LYS,  0.8361,   0.0866,   0.0996, 0
D,  310, GLU,  0.3961,  -0.1587,   0.0231, 1
D,  311, ALA,  1.1471,   0.2599,   0.1813, 0
D,  312, GLU,  1.2662,   0.3263,   0.2152, 0
D,  313, LYS,  0.4093,  -0.1513,   0.0246, 0
D,  314, PHE,  1.6090,   0.5174,   0.3127, 0
D,  315, PHE,  6.2891,   3.1261,   0.8926, 5
D,  316, VAL,  0.1414,  -0.3006,   0.0039, 0
D,  317, SER,  0.1872,  -0.2751,   0.0061, 42
D,  318, VAL,  3.6583,   1.6597,   0.7032, 5
D,  319, GLY,  0.3930,  -0.1604,   0.0228, 0
D,  320, LEU,  5.4006,   2.6309,   0.8498, 5
D,  321, PRO,  0.7136,   0.0183,   0.0725, 0
D,  322, ASN,  0.6193,  -0.0342,   0.0546, 0
D,  323, MET,  1.4832,   0.4473,   0.2778, 0
D,  324, THR,  0.4639,  -0.1209,   0.0311, 36
D,  325, GLN,  0.2191,  -0.2573,   0.0080, 0
D,  326, GLY,  0.0624,  -0.3447,   0.0013, 0
D,  327, PHE,  0.9885,   0.1715,   0.1379, 36
D,  328, TRP,  1.2003,   0.2896,   0.1964, 0
D,  329, GLU,  0.1055,  -0.3207,   0.0025, 0
D,  330, ASN,  0.1317,  -0.3061,   0.0035, 0
D,  331, SER,  0.2035,  -0.2660,   0.0071, 0
D,  332, MET,  0.8368,   0.0870,   0.0998, 0
D,  333, LEU,  0.3104,  -0.2065,   0.0148, 0
D,  334, THR,  0.3052,  -0.2093,   0.0144, 0
D,  335, ASP,  0.3594,  -0.1792,   0.0194, 0
D,  336, PRO,  0.6607,  -0.0112,   0.0620, 0
D,  337, GLY,  0.0340,  -0.3605,   0.0007, 0
D,  338, ASN,  0.0585,  -0.3469,   0.0012, 0
D,  339, VAL,  0.0191,  -0.3688,   0.0005, 0
D,  340, GLN,  0.0662,  -0.3426,   0.0014, 0
D,  341, LYS,  0.1381,  -0.3025,   0.0038, 0
D,  342, ALA,  0.7492,   0.0381,   0.0799, 0
D,  343, VAL,  0.6974,   0.0092,   0.0691, 0
D,  344, CYS,  0.4260,  -0.1420,   0.0265, 0
D,  345, HIS,  0.2746,  -0.2264,   0.0119, 18
D,  346, PRO,  0.4075,  -0.1523,   0.0244, 18
D,  347, THR,  0.3942,  -0.1597,   0.0229, 18
D,  348, ALA,  0.7456,   0.0362,   0.0792, 18
D,  349, TRP,  0.7434,   0.0349,   0.0787, 0
D,  350, ASP,  1.9055,   0.6827,   0.3904, 18
D,  351, LEU,  1.1203,   0.2450,   0.1739, 0
D,  352, GLY,  1.0585,   0.2106,   0.1567, 0
D,  353, LYS,  0.9773,   0.1653,   0.1350, 0
D,  354, GLY,  0.8318,   0.0842,   0.0986, 36
D,  355, ASP,  0.5147,  -0.0926,   0.0380, 0
D,  356, PHE,  0.8967,   0.1204,   0.1143, 36
D,  357, ARG,  0.1739,  -0.2825,   0.0054, 0
D,  358, ILE,  0.4132,  -0.1491,   0.0250, 0
D,  359, LEU,  0.6769,  -0.0021,   0.0651, 0
D,  360, MET,  0.3842,  -0.1653,   0.0219, 0
D,  361, CYS,  0.3695,  -0.1735,   0.0203, 0
D,  362, THR,  0.2602,  -0.2344,   0.0108, 0
D,  363, LYS,  0.3606,  -0.1784,   0.0195, 0
D,  364, VAL,  0.1684,  -0.2856,   0.0052, 0
D,  365, THR,  2.1825,   0.8371,   0.4553, 1
D,  366, MET,  8.1458,   4.1610,   0.9454, 1
D,  367, ASP,  1.4342,   0.4200,   0.2637, 0
D,  368, ASP,  0.2775,  -0.2248,   0.0121, 0
D,  369, PHE,  8.7500,   4.4978,   0.9561, 1
D,  370, LEU,  5.3827,   2.6209,   0.8487, 1
D,  371, THR,  0.4385,  -0.1350,   0.0281, 0
D,  372, ALA,  0.3516,  -0.1835,   0.0186, 0
D,  373, HIS,  0.6200,  -0.0339,   0.0547, 0
D,  374, HIS,  0.7010,   0.0113,   0.0699, 18
D,  375, GLU,  0.4437,  -0.1322,   0.0287, 18
D,  376, MET,  1.4488,   0.4281,   0.2680, 0
D,  377, GLY,  2.5170,   1.0235,   0.5254, 5
D,  378, HIS,  1.1066,   0.2373,   0.1700, 18
D,  379, ILE,  0.3533,  -0.1825,   0.0188, 0
D,  380, GLN,  1.8264,   0.6386,   0.3705, 5
D,  381, TYR,  0.6444,  -0.0202,   0.0590, 5
D,  382, ASP,  0.8234,   0.0795,   0.0967, 18
D,  383, MET,  0.9427,   0.1460,   0.1260, 36
D,  384, ALA,  0.2132,  -0.2606,   0.0076, 0
D,  385, TYR,  1.0408,   0.2007,   0.1519, 0
D,  386, ALA,  0.7286,   0.0267,   0.0757, 0
D,  387, ALA,  0.3093,  -0.2071,   0.0148, 0
D,  388, GLN,  0.2154,  -0.2594,   0.0078, 0
D,  389, PRO,  0.3346,  -0.1930,   0.0170, 0
D,  390, PHE,  2.3317,   0.9202,   0.4873, 30
D,  391, LEU,  0.8179,   0.0764,   0.0954, 30
D,  392, LEU,  0.1008,  -0.3233,   0.0024, 0
D,  393, ARG,  1.6549,   0.5430,   0.3253, 18
D,  394, ASN,  0.7120,   0.0174,   0.0721, 18
D,  395, GLY,  0.7064,   0.0143,   0.0710, 0
D,  396, ALA,  1.6628,   0.5474,   0.3274, 0
D,  397, ASN,  2.1862,   0.8391,   0.4561, 0
D,  398, GLU,  0.4627,  -0.1215,   0.0310, 0
D,  399, GLY,  0.0757,  -0.3373,   0.0016, 0
D,  400, PHE,  0.9980,   0.1768,   0.1404, 32
D,  401, HIS,  0.7743,   0.0521,   0.0855, 18
D,  402, GLU,  0.9053,   0.1251,   0.1165, 18
D,  403, ALA,  0.0134,  -0.3720,   0.0004, 0
D,  404, VAL,  3.4447,   1.5406,   0.6754, 5
D,  405, GLY,  1.0413,   0.2010,   0.1520, 0
D,  406, GLU,  1.4002,   0.4010,   0.2539, 24
D,  407, ILE,  3.1483,   1.3754,   0.6337, 5
D,  408, MET,  5.7624,   2.8325,   0.8689, 5
D,  409, SER,  1.1055,   0.2367,   0.1697, 0
D,  410, LEU,  1.1463,   0.2595,   0.1811, 0
D,  411, SER,  0.4202,  -0.1453,   0.0258, 0
D,  412, ALA,  4.1691,   1.9444,   0.7581, 1
D,  413, ALA,  3.2543,   1.4345,   0.6494, 1
D,  414, THR,  0.8284,   0.0823,   0.0978, 0
D,  415, PRO,  0.6410,  -0.0221,   0.0584, 41
D,  416, LYS,  0.3586,  -0.1796,   0.0193, 0
D,  417, HIS,  4.7789,   2.2843,   0.8090, 42
D,  418, LEU,  7.8707,   4.0077,   0.9395, 1
D,  419, LYS,  0.0669,  -0.3422,   0.0014, 0
D,  420, SER,  0.2319,  -0.2502,   0.0089, 42
D,  421, ILE,  3.4630,   1.5508,   0.6778, 1
D,  422, GLY,  0.0337,  -0.3606,   0.0007, 0
D,  423, LEU,  6.3314,   3.1497,   0.8943, 1
D,  424, LEU,  0.2689,  -0.2296,   0.0115, 0
D,  425, SER,  0.1097,  -0.3183,   0.0027, 0
D,  426, PRO,  0.0282,  -0.3638,   0.0006, 0
D,  427, ASP,  0.0277,  -0.3640,   0.0006, 0
D,  428, PHE,  0.3669,  -0.1749,   0.0201, 0
D,  429, GLN,  0.0982,  -0.3247,   0.0023, 0
D,  430, GLU,  0.2736,  -0.2270,   0.0118, 0
D,  431, ASP,  0.0400,  -0.3571,   0.0008, 0
D,  432, ASN,  0.2167,  -0.2587,   0.0079, 0
D,  433, GLU,  0.2981,  -0.2133,   0.0138, 0
D,  434, THR,  0.4770,  -0.1136,   0.0328, 0
D,  435, GLU,  0.5955,  -0.0475,   0.0506, 0
D,  436, ILE,  0.5779,  -0.0573,   0.0477, 0
D,  437, ASN,  0.3114,  -0.2059,   0.0149, 0
D,  438, PHE,  1.1948,   0.2865,   0.1948, 41
D,  439, LEU,  0.9407,   0.1449,   0.1255, 0
D,  440, LEU,  0.2633,  -0.2327,   0.0111, 0
D,  441, LYS,  0.4622,  -0.1218,   0.0309, 0
D,  442, GLN,  1.4695,   0.4396,   0.2739, 0
D,  443, ALA,  0.2477,  -0.2414,   0.0099, 0
D,  444, LEU,  0.0115,  -0.3730,   0.0004, 0
D,  445, THR,  0.6862,   0.0030,   0.0669, 24
D,  446, ILE,  1.1314,   0.2512,   0.1769, 24
D,  447, VAL,  0.1689,  -0.2853,   0.0052, 0
D,  448, GLY,  0.1515,  -0.2950,   0.0044, 37
D,  449, THR,  0.2411,  -0.2451,   0.0095, 24
D,  450, LEU,  0.2075,  -0.2638,   0.0073, 0
D,  451, PRO,  0.2311,  -0.2507,   0.0088, 0
D,  452, PHE,  1.0417,   0.2012,   0.1521, 16
D,  453, THR,  0.0070,  -0.3756,   0.0003, 0
D,  454, TYR,  0.3730,  -0.1716,   0.0207, 0
D,  455, MET,  0.1430,  -0.2998,   0.0040, 16
D,  456, LEU,  0.1444,  -0.2990,   0.0041, 16
D,  457, GLU,  0.3824,  -0.1663,   0.0217, 0
D,  458, LYS,  0.4756,  -0.1143,   0.0326, 0
D,  459, TRP,  0.5677,  -0.0630,   0.0460, 0
D,  460, ARG,  0.7544,   0.0410,   0.0810, 0
D,  461, TRP,  0.7296,   0.0272,   0.0759, 0
D,  462, MET,  0.3161,  -0.2032,   0.0153, 0
D,  463, VAL,  0.6577,  -0.0128,   0.0614, 40
D,  464, PHE,  1.1637,   0.2692,   0.1861, 0
D,  465, LYS,  0.4742,  -0.1151,   0.0324, 0
D,  466, GLY,  0.1699,  -0.2848,   0.0052, 40
D,  467, GLU,  0.1671,  -0.2863,   0.0051, 0
D,  468, ILE,  0.1323,  -0.3057,   0.0035, 40
D,  469, PRO,  0.0577,  -0.3473,   0.0012, 0
D,  470, LYS,  0.1885,  -0.2744,   0.0062, 40
D,  471, ASP,  0.0387,  -0.3579,   0.0008, 0
D,  472, GLN,  0.0432,  -0.3554,   0.0009, 0
D,  473, TRP,  0.4190,  -0.1459,   0.0257, 40
D,  474, MET,  0.3265,  -0.1975,   0.0163, 0
D,  475, LYS,  0.7614,   0.0449,   0.0826, 9
D,  476, LYS,  0.2528,  -0.2386,   0.0103, 0
D,  477, TRP,  0.9782,   0.1658,   0.1352, 16
D,  478, TRP,  1.8268,   0.6388,   0.3705, 9
D,  479, GLU,  0.7917,   0.0619,   0.0893, 9
D,  480, MET,  0.0819,  -0.3338,   0.0018, 0
D,  481, LYS,  1.1959,   0.2871,   0.1951, 16
D,  482, ARG,  1.8238,   0.6371,   0.3698, 9
D,  483, GLU,  0.6725,  -0.0046,   0.0643, 0
D,  484, ILE,  0.2455,  -0.2426,   0.0098, 0
D,  485, VAL,  0.3936,  -0.1601,   0.0229, 37
D,  486, GLY,  0.1895,  -0.2739,   0.0063, 0
D,  487, VAL,  0.7334,   0.0293,   0.0766, 16
D,  488, VAL,  0.2459,  -0.2424,   0.0098, 0
D,  489, GLU,  1.5960,   0.5102,   0.3092, 9
D,  490, PRO,  0.2899,  -0.2179,   0.0132, 20
D,  491, VAL,  0.4138,  -0.1488,   0.0251, 20
D,  492, PRO,  1.3184,   0.3554,   0.2303, 9
D,  493, HIS,  0.9275,   0.1375,   0.1222, 9
D,  494, ASP,  0.6455,  -0.0197,   0.0592, 9
D,  495, GLU,  0.0992,  -0.3241,   0.0023, 9
D,  496, THR,  0.2739,  -0.2268,   0.0119, 0
D,  497, TYR,  0.5851,  -0.0533,   0.0489, 21
D,  498, CYS,  0.0000,  -0.3795,   0.0002, 0
D,  499, ASP,  0.7292,   0.0270,   0.0758, 16
D,  500, PRO,  0.4011,  -0.1559,   0.0237, 16
D,  501, ALA,  0.0257,  -0.3651,   0.0006, 0
D,  502, SER,  0.0608,  -0.3456,   0.0013, 0
D,  503, LEU,  0.4288,  -0.1404,   0.0269, 16
D,  504, PHE,  0.9036,   0.1242,   0.1160, 35
D,  505, HIS,  1.2630,   0.3246,   0.2143, 35
D,  506, VAL,  0.8512,   0.0950,   0.1031, 0
D,  507, SER,  0.1665,  -0.2867,   0.0051, 0
D,  508, ASN,  0.5279,  -0.0852,   0.0400, 0
D,  509, ASP,  1.6815,   0.5578,   0.3325, 0
D,  510, TYR,  1.0742,   0.2193,   0.1611, 0
D,  511, SER,  0.6968,   0.0089,   0.0690, 0
D,  512, PHE,  0.0428,  -0.3556,   0.0009, 0
D,  513, ILE,  0.1793,  -0.2795,   0.0057, 0
D,  514, ARG,  0.6962,   0.0086,   0.0689, 0
D,  515, TYR,  0.8921,   0.1178,   0.1132, 24
D,  516, TYR,  0.1540,  -0.2936,   0.0045, 0
D,  517, THR,  2.4676,   0.9960,   0.5157, 0
D,  518, ARG,  0.5513,  -0.0722,   0.0435, 24
D,  519, THR,  0.2462,  -0.2422,   0.0098, 24
D,  520, LEU,  0.1378,  -0.3026,   0.0038, 0
D,  521, TYR,  2.9638,   1.2725,   0.6055, 12
D,  522, GLN,  1.0244,   0.1916,   0.1475, 24
D,  523, PHE,  0.6219,  -0.0328,   0.0550, 0
D,  524, GLN,  0.2653,  -0.2316,   0.0112, 0
D,  525, PHE,  0.6458,  -0.0195,   0.0592, 32
D,  526, GLN,  0.4652,  -0.1202,   0.0313, 0
D,  527, GLU,  0.4070,  -0.1526,   0.0243, 0
D,  528, ALA,  0.3081,  -0.2077,   0.0147, 44
D,  529, LEU,  1.6346,   0.5317,   0.3197, 5
D,  530, CYS,  0.1904,  -0.2733,   0.0063, 0
D,  531, GLN,  0.2085,  -0.2633,   0.0074, 0
D,  532, ALA,  0.0595,  -0.3463,   0.0012, 0
D,  533, ALA,  0.0401,  -0.3571,   0.0008, 0
D,  534, LYS,  0.0243,  -0.3659,   0.0006, 0
D,  535, HIS,  0.3784,  -0.1685,   0.0213, 0
D,  536, GLU,  0.1602,  -0.2902,   0.0048, 0
D,  537, GLY,  0.2858,  -0.2201,   0.0128, 0
D,  538, PRO,  0.3725,  -0.1718,   0.0207, 0
D,  539, LEU,  0.3799,  -0.1677,   0.0214, 0
D,  540, HIS,  0.7462,   0.0365,   0.0793, 0
D,  541, LYS,  0.7445,   0.0355,   0.0789, 0
D,  542, CYS,  0.3572,  -0.1804,   0.0191, 0
D,  543, ASP,  0.2639,  -0.2324,   0.0111, 42
D,  544, ILE,  4.3188,   2.0279,   0.7719, 5
D,  545, SER,  0.2616,  -0.2337,   0.0109, 42
D,  546, ASN,  0.0658,  -0.3428,   0.0014, 0
D,  547, SER,  0.0594,  -0.3464,   0.0012, 0
D,  548, THR,  0.0606,  -0.3457,   0.0013, 0
D,  549, GLU,  0.0462,  -0.3537,   0.0009, 0
D,  550, ALA,  0.1669,  -0.2865,   0.0051, 0
D,  551, GLY,  2.2858,   0.8947,   0.4780, 0
D,  552, GLN,  0.3687,  -0.1739,   0.0203, 0
D,  553, LYS,  0.0590,  -0.3466,   0.0012, 44
D,  554, LEU,  5.7198,   2.8087,   0.8668, 5
D,  555, PHE,  0.6092,  -0.0399,   0.0528, 0
D,  556, ASN,  0.0737,  -0.3384,   0.0016, 0
D,  557, MET,  0.9772,   0.1652,   0.1349, 32
D,  558, LEU,  2.8496,   1.2089,   0.5862, 5
D,  559, ARG,  0.4026,  -0.1551,   0.0238, 0
D,  560, LEU,  0.4993,  -0.1012,   0.0358, 0
D,  561, GLY,  0.4783,  -0.1129,   0.0330, 0
D,  562, LYS,  2.3963,   0.9562,   0.5010, 0
D,  563, SER,  0.5324,  -0.0827,   0.0407, 0
D,  564, GLU,  1.4235,   0.4140,   0.2607, 0
D,  565, PRO,  1.3769,   0.3880,   0.2470, 0
D,  566, TRP,  4.6252,   2.1986,   0.7971, 12
D,  567, THR,  0.4689,  -0.1181,   0.0318, 0
D,  568, LEU,  0.2022,  -0.2667,   0.0070, 0
D,  569, ALA,  0.9128,   0.1293,   0.1184, 32
D,  570, LEU,  1.0901,   0.2282,   0.1654, 32
D,  571, GLU,  0.3085,  -0.2075,   0.0147, 0
D,  572, ASN,  0.1583,  -0.2912,   0.0047, 0
D,  573, VAL,  0.6040,  -0.0428,   0.0520, 32
D,  574, VAL,  0.7208,   0.0223,   0.0740, 0
D,  575, GLY,  0.0579,  -0.3472,   0.0012, 0
D,  576, ALA,  0.2148,  -0.2597,   0.0077, 0
D,  577, LYS,  0.3108,  -0.2062,   0.0149, 0
D,  578, ASN,  1.5846,   0.5038,   0.3061, 0
D,  579, MET,  2.9949,   1.2899,   0.6104, 12
D,  580, ASN,  0.2640,  -0.2323,   0.0111, 0
D,  581, VAL,  0.1698,  -0.2848,   0.0052, 0
D,  582, ARG,  0.2846,  -0.2208,   0.0127, 0
D,  583, PRO,  0.2091,  -0.2629,   0.0074, 0
D,  584, LEU,  0.2321,  -0.2501,   0.0089, 0
D,  585, LEU,  0.4377,  -0.1355,   0.0280, 0
D,  586, ASN,  0.2994,  -0.2126,   0.0139, 0
D,  587, TYR,  0.8932,   0.1184,   0.1134, 0
D,  588, PHE,  0.7860,   0.0587,   0.0880, 0
D,  589, GLU,  0.4176,  -0.1467,   0.0255, 0
D,  590, PRO,  0.3107,  -0.2063,   0.0149, 0
D,  591, LEU,  0.5048,  -0.0981,   0.0366, 0
D,  592, PHE,  0.4542,  -0.1263,   0.0299, 0
D,  593, THR,  0.0593,  -0.3464,   0.0012, 0
D,  594, TRP,  0.7272,   0.0259,   0.0754, 0
D,  595, LEU,  0.3662,  -0.1754,   0.0200, 0
D,  596, LYS,  0.1908,  -0.2731,   0.0063, 0
D,  597, ASP,  0.1624,  -0.2890,   0.0049, 0
D,  598, GLN,  0.4921,  -0.1051,   0.0348, 0
D,  599, ASN,  0.1827,  -0.2776,   0.0059, 0
D,  600, LYS,  0.0242,  -0.3660,   0.0006, 0
D,  601, ASN,  0.1389,  -0.3020,   0.0038, 0
D,  602, SER,  0.3366,  -0.1918,   0.0172, 0
D,  603, PHE,  0.2736,  -0.2269,   0.0118, 0
D,  604, VAL,  0.3986,  -0.1573,   0.0234, 0
D,  605, GLY,  0.6676,  -0.0073,   0.0633, 0
D,  606, TRP,  0.8842,   0.1134,   0.1112, 0
D,  607, SER,  0.1332,  -0.3052,   0.0036, 0
D,  608, THR,  0.1633,  -0.2884,   0.0049, 9
D,  609, ASP,  0.5487,  -0.0736,   0.0431, 9
D,  610, TRP,  0.1619,  -0.2892,   0.0049, 0
D,  611, SER,  0.7253,   0.0248,   0.0750, 9
D,  612, PRO,  0.4812,  -0.1113,   0.0334, 20
D,  613, TYR,  2.0820,   0.7811,   0.4324, 9
D,  614, ALA,  0.4275,  -0.1412,   0.0267, 0
D,  615, ASP,  0.1506,  -0.2955,   0.0044, 20
D,  616, GLN,  0.1366,  -0.3033,   0.0037, 20
D,  617, SER,  0.4993,  -0.1012,   0.0358, 0
D,  618, ILE,  0.1316,  -0.3061,   0.0035, 0
D,  619, LYS,  0.1181,  -0.3136,   0.0030, 0
D,  620, VAL,  0.0149,  -0.3711,   0.0004, 0
D,  621, ARG,  0.1077,  -0.3194,   0.0026, 0
D,  622, ILE,  0.5876,  -0.0519,   0.0493, 0
D,  623, SER,  0.3047,  -0.2096,   0.0144, 0
D,  624, LEU,  0.4294,  -0.1401,   0.0270, 0
D,  625, LYS,  0.4241,  -0.1431,   0.0263, 0
D,  626, SER,  0.5028,  -0.0992,   0.0363, 0
D,  627, ALA,  0.0520,  -0.3505,   0.0011, 0
D,  628, LEU,  0.0518,  -0.3506,   0.0011, 0
D,  629, GLY,  0.0189,  -0.3689,   0.0005, 0
D,  630, ASP,  0.0094,  -0.3742,   0.0003, 0
D,  631, LYS,  0.0331,  -0.3610,   0.0007, 0
D,  632, ALA,  0.1051,  -0.3209,   0.0025, 0
D,  633, TYR,  0.4193,  -0.1457,   0.0257, 0
D,  634, GLU,  0.1809,  -0.2786,   0.0058, 0
D,  635, TRP,  0.8685,   0.1046,   0.1074, 0
D,  636, ASN,  0.0377,  -0.3584,   0.0008, 0
D,  637, ASP,  0.3905,  -0.1618,   0.0225, 33
D,  638, ASN,  0.0461,  -0.3538,   0.0009, 0
D,  639, GLU,  0.5547,  -0.0703,   0.0440, 0
D,  640, MET,  0.4288,  -0.1405,   0.0269, 33
D,  641, TYR,  0.2199,  -0.2569,   0.0081, 0
D,  642, LEU,  0.3067,  -0.2085,   0.0145, 0
D,  643, PHE,  0.5521,  -0.0717,   0.0436, 0
D,  644, ARG,  0.6363,  -0.0248,   0.0576, 33
D,  645, SER,  0.2481,  -0.2411,   0.0100, 0
D,  646, SER,  0.2760,  -0.2256,   0.0120, 0
D,  647, VAL,  0.2113,  -0.2617,   0.0075, 0
D,  648, ALA,  0.0839,  -0.3327,   0.0018, 0
D,  649, TYR,  0.4650,  -0.1203,   0.0313, 0
D,  650, ALA,  0.0751,  -0.3376,   0.0016, 0
D,  651, MET,  0.2620,  -0.2334,   0.0110, 0
D,  652, ARG,  0.1398,  -0.3015,   0.0039, 0
D,  653, GLN,  0.1489,  -0.2965,   0.0043, 0
D,  654, TYR,  0.0880,  -0.3304,   0.0020, 0
D,  655, PHE,  0.9108,   0.1282,   0.1179, 0
D,  656, LEU,  0.0378,  -0.3584,   0.0008, 0
D,  657, LYS,  0.1386,  -0.3022,   0.0038, 0
D,  658, VAL,  0.0725,  -0.3391,   0.0015, 0
D,  659, LYS,  0.0921,  -0.3281,   0.0021, 0
D,  660, ASN,  0.0087,  -0.3746,   0.0003, 0
D,  661, GLN,  0.1291,  -0.3075,   0.0034, 0
D,  662, MET,  0.1072,  -0.3197,   0.0026, 0
D,  663, ILE,  0.8592,   0.0995,   0.1051, 0
D,  664, LEU,  0.1176,  -0.3139,   0.0030, 0
D,  665, PHE,  0.8654,   0.1029,   0.1066, 0
D,  666, GLY,  0.0897,  -0.3295,   0.0020, 0
D,  667, GLU,  0.2711,  -0.2284,   0.0116, 0
D,  668, GLU,  0.5630,  -0.0656,   0.0453, 21
D,  669, ASP,  0.1096,  -0.3184,   0.0027, 0
D,  670, VAL,  0.2753,  -0.2260,   0.0120, 0
D,  671, ARG,  1.0735,   0.2189,   0.1609, 21
D,  672, VAL,  0.7959,   0.0642,   0.0902, 9
D,  673, ALA,  1.7084,   0.5728,   0.3398, 9
D,  674, ASN,  1.8943,   0.6764,   0.3877, 9
D,  675, LEU,  0.5482,  -0.0739,   0.0430, 33
D,  676, LYS,  0.2006,  -0.2676,   0.0069, 0
D,  677, PRO,  0.4609,  -0.1225,   0.0307, 0
D,  678, ARG,  0.4257,  -0.1422,   0.0265, 0
D,  679, ILE,  0.8883,   0.1157,   0.1122, 0
D,  680, SER,  0.0583,  -0.3470,   0.0012, 0
D,  681, PHE,  0.6093,  -0.0399,   0.0528, 0
D,  682, ASN,  0.5947,  -0.0479,   0.0504, 0
D,  683, PHE,  0.2426,  -0.2442,   0.0096, 0
D,  684, PHE,  0.2264,  -0.2533,   0.0085, 0
D,  685, VAL,  0.0717,  -0.3395,   0.0015, 0
D,  686, THR,  0.6780,  -0.0016,   0.0653, 0
D,  687, ALA,  0.7718,   0.0507,   0.0849, 0
D,  688, PRO,  1.0821,   0.2237,   0.1632, 0
D,  689, LYS,  0.6782,  -0.0014,   0.0654, 0
D,  690, ASN,  0.7736,   0.0518,   0.0853, 0
D,  691, VAL,  1.0213,   0.1898,   0.1467, 20
D,  692, SER,  0.5518,  -0.0719,   0.0436, 20
D,  693, ASP,  0.9650,   0.1584,   0.1318, 0
D,  694, ILE,  0.5436,  -0.0765,   0.0423, 20
D,  695, ILE,  0.9808,   0.1672,   0.1359, 0
D,  696, PRO,  0.1727,  -0.2832,   0.0054, 0
D,  697, ARG,  0.1049,  -0.3210,   0.0025, 0
D,  698, THR,  0.0217,  -0.3674,   0.0005, 0
D,  699, GLU,  0.0611,  -0.3454,   0.0013, 0
D,  700, VAL,  0.0717,  -0.3395,   0.0015, 0
D,  701, GLU,  0.0403,  -0.3570,   0.0008, 0
D,  702, LYS,  0.0784,  -0.3358,   0.0017, 0
D,  703, ALA,  0.0121,  -0.3727,   0.0004, 0
D,  704, ILE,  0.0326,  -0.3613,   0.0007, 0
D,  705, ARG,  0.1372,  -0.3030,   0.0038, 0
D,  706, MET,  0.1798,  -0.2792,   0.0057, 0
D,  707, SER,  0.1370,  -0.3031,   0.0038, 0
D,  708, ARG,  0.1103,  -0.3180,   0.0027, 0
D,  709, SER,  0.0587,  -0.3467,   0.0012, 0
D,  710, ARG,  0.3398,  -0.1901,   0.0175, 0
D,  711, ILE,  0.1017,  -0.3228,   0.0024, 0
D,  712, ASN,  0.0391,  -0.3577,   0.0008, 0
D,  713, ASP,  0.0428,  -0.3556,   0.0009, 0
D,  714, ALA,  0.2533,  -0.2383,   0.0103, 0
D,  715, PHE,  0.6010,  -0.0445,   0.0514, 0
D,  716, ARG,  0.1803,  -0.2789,   0.0058, 0
D,  717, LEU,  0.4406,  -0.1339,   0.0283, 0
D,  718, ASN,  0.0256,  -0.3652,   0.0006, 0
D,  719, ASP,  0.0909,  -0.3288,   0.0020, 0
D,  720, ASN,  0.1070,  -0.3198,   0.0026, 0
D,  721, SER,  0.0368,  -0.3589,   0.0008, 0
D,  722, LEU,  0.4440,  -0.1320,   0.0287, 0
D,  723, GLU,  0.0931,  -0.3276,   0.0021, 0
D,  724, PHE,  0.0531,  -0.3498,   0.0011, 0
D,  725, LEU,  0.0816,  -0.3340,   0.0018, 0
D,  726, GLY,  0.0552,  -0.3487,   0.0011, 0
D,  727, ILE,  0.0808,  -0.3344,   0.0018, 0
D,  728, GLN,  0.0978,  -0.3249,   0.0023, 0
D,  729, PRO,  0.1464,  -0.2979,   0.0042, 0
D,  730, THR,  0.1192,  -0.3130,   0.0030, 0
D,  731, LEU,  0.1238,  -0.3105,   0.0032, 0
D,  732, GLY,  0.0520,  -0.3505,   0.0011, 0
D,  733, PRO,  0.0583,  -0.3469,   0.0012, 0
D,  734, PRO,  0.2788,  -0.2241,   0.0122, 0
D,  735, ASN,  0.0876,  -0.3306,   0.0020, 0
D,  736, GLN,  0.3616,  -0.1779,   0.0196, 19
D,  737, PRO,  0.1825,  -0.2777,   0.0059, 19
D,  738, PRO,  0.0229,  -0.3667,   0.0005, 0
D,  739, VAL,  0.1477,  -0.2971,   0.0042, 0
D,  740, SER,  0.3169,  -0.2028,   0.0154, 19
D,  741, ILE,  0.4983,  -0.1017,   0.0357, 0
D,  742, TRP,  0.5889,  -0.0512,   0.0495, 19
D,  743, LEU,  0.7106,   0.0166,   0.0718, 0
D,  744, ILE,  0.3973,  -0.1580,   0.0233, 0
D,  745, VAL,  0.5594,  -0.0677,   0.0447, 11
D,  746, PHE,  1.0830,   0.2242,   0.1635, 0
D,  747, GLY,  0.4803,  -0.1117,   0.0333, 0
D,  748, VAL,  0.2668,  -0.2308,   0.0113, 0
D,  749, VAL,  1.5145,   0.4647,   0.2867, 11
D,  750, MET,  1.2099,   0.2949,   0.1991, 0
D,  751, GLY,  0.2260,  -0.2535,   0.0085, 0
D,  752, VAL,  0.2966,  -0.2141,   0.0137, 0
D,  753, ILE,  1.4499,   0.4287,   0.2683, 11
D,  754, VAL,  0.7600,   0.0442,   0.0823, 0
D,  755, VAL,  0.3425,  -0.1886,   0.0178, 0
D,  756, GLY,  0.2852,  -0.2205,   0.0128, 0
D,  757, ILE,  0.7836,   0.0573,   0.0875, 0
D,  758, VAL,  0.6701,  -0.0060,   0.0638, 0
D,  759, ILE,  0.4662,  -0.1196,   0.0314, 0
D,  760, LEU,  0.3851,  -0.1648,   0.0220, 0
D,  761, ILE,  0.6691,  -0.0065,   0.0636, 0
D,  762, PHE,  0.6762,  -0.0026,   0.0650, 0
D,  763, THR,  0.1594,  -0.2906,   0.0047, 0
D,  764, GLY,  0.0904,  -0.3291,   0.0020, 0
D,  765, ILE,  0.4107,  -0.1506,   0.0247, 0
D,  766, ARG,  0.0711,  -0.3399,   0.0015, 0
D,  767, ASP,  0.0309,  -0.3623,   0.0007, 0
D,  768, ARG,  0.1328,  -0.3054,   0.0036, 0
